product,category,list_price,unit_cost,supplier,launch_date
Aurora Laptop 14,Electronics,1099.0,857.22,Kestrel Components,2023-03-01
Aurora Laptop 16,Electronics,1499.0,1199.2,Lumen Devices,2023-03-01
Pulse Earbuds,Electronics,129.0,70.95,Kestrel Components,2024-02-15
Pulse Headphones,Electronics,249.0,144.42,Lumen Devices,2022-09-01
Vista Monitor 27,Electronics,329.0,230.3,Kestrel Components,2022-01-10
Nimbus Tablet,Electronics,499.0,359.28,Lumen Devices,2023-10-01
Orbit Smartwatch,Electronics,279.0,167.4,Kestrel Components,2024-04-01
Cedar Desk,Office,389.0,202.28,Oakline Supply,2021-05-01
Cedar Standing Desk,Office,649.0,356.95,Oakline Supply,2023-06-01
Ergo Chair,Office,459.0,229.5,Oakline Supply,2021-05-01
Paper Pack A4,Office,9.5,3.8,Oakline Supply,2020-01-01
Ink Cartridge Set,Office,39.0,13.65,Oakline Supply,2020-01-01
Desk Lamp Halo,Office,59.0,26.55,Oakline Supply,2022-03-01
Linen Bedding Set,Home,119.0,49.98,Kestrel Components,2022-02-01
Cast Iron Pan,Home,49.0,18.62,Hearth & Co,2021-01-01
Air Purifier Breeze,Home,219.0,124.83,Kestrel Components,2024-01-20
Coffee Maker Brew,Home,89.0,42.72,Hearth & Co,2021-08-01
Robot Vacuum Dash,Home,349.0,216.38,Kestrel Components,2023-09-01
Trail Backpack 30L,Outdoor,99.0,43.56,Ridge Gear,2022-04-01
Summit Tent 2P,Outdoor,249.0,124.5,Ridge Gear,2021-04-01
Trek Poles,Outdoor,69.0,27.6,Ridge Gear,2021-04-01
Hydro Bottle 1L,Outdoor,25.0,7.5,Ridge Gear,2022-06-01
E-Bike Volt,Outdoor,1899.0,1405.26,Ridge Gear,2024-03-01
Rain Jacket Storm,Apparel,139.0,56.99,Loom Works,2021-09-01
Merino Base Layer,Apparel,79.0,30.81,Loom Works,2022-10-01
Running Shoes Glide,Apparel,129.0,60.63,Loom Works,2022-02-01
Everyday Tee,Apparel,19.0,5.7,Loom Works,2020-01-01
Wool Socks 3-Pack,Apparel,24.0,7.92,Loom Works,2020-01-01
